A2M	4425
A4GALT	1062
A4GNT	1023
AAAS	1641
AADAC	1200
AADACL2	1206
AANAT	922
AARS	2907
AARS2	2958
AASS	2781
ABAT	1503
ABCA1	6786
ABCA10	4632
ABCA12	7895
ABCA13	15177
ABCA2	7467
ABCA3	5115
ABCA4	6822
ABCA7	6441
ABCB1	3843
ABCB11	3966
ABCB4	4068
ABCB6	2529
ABCB7	2340
ABCC1	4596
ABCC11	4149
ABCC2	4638
ABCC3	4872
ABCC4	4023
ABCC6	4776
ABCC8	4782
ABCC9	4788
ABCD1	2238
ABCD3	2007
ABCD4	1821
ABCG1	2562
ABCG2	2074
ABCG5	1956
ABCG8	2022
ABHD12	1255
ABHD5	1050
ABI3BP	3228
ABO	1064
ACACA	7558
ACACB	7377
ACAD8	1248
ACAD9	1866
ACADL	1293
ACADM	1507
ACADS	1379
ACADSB	1299
ACADVL	2148
ACAN	7593
ACAT1	1284
ACAT2	1336
ACBD5	1877
ACBD6	849
ACCS	1506
ACE	4120
ACHE	2197
ACLY	3627
ACO2	2343
ACOX1	2299
ACP5	978
ACSF3	1758
ACSL4	2364
ACSL5	2376
ACSM2B	1734
ACSM3	1935
ACTA1	1134
ACTA2	1134
ACTB	1128
ACTC1	1134
ACTG1	1128
ACTN2	2930
ACTN3	2982
ACTN4	2736
ACVR1	1530
ACVR1B	1816
ACVR1C	1636
ACVR2B	1539
ACVRL1	1512
ACY1	1338
ADA	1092
ADAM10	2247
ADAM12	3023
ADAM17	2475
ADAM19	2757
ADAM33	2477
ADAM7	2264
ADAM9	2460
ADAMTS10	3640
ADAMTS13	4505
ADAMTS16	3675
ADAMTS17	3288
ADAMTS18	3666
ADAMTS2	3708
ADAMTSL2	2856
ADAMTSL3	5371
ADAMTSL4	3658
ADAR	4679
ADARB1	2325
ADCK3	1944
ADCY10	5176
ADCY3	3435
ADCY5	3870
ADCY6	3507
ADCY9	4062
ADCYAP1	531
ADD1	2686
ADH1B	1128
ADH1C	1128
ADH4	1218
ADH5	1125
ADH7	1239
ADIPOQ	735
ADIPOR1	1128
ADK	1103
ADNP	3309
ADORA1	981
ADORA2A	1239
ADORA3	1501
ADRA1A	2066
ADRA2A	1398
ADRA2B	1344
ADRA2C	1389
ADRB1	1434
ADRB2	1242
ADRB3	1227
ADRBK2	2067
ADSL	1455
ADTRP	747
AFF2	4359
AFF3	3756
AFG3L2	2394
AFP	1830
AGA	1195
AGBL4	1512
AGER	2034
AGGF1	2145
AGK	1269
AGL	4875
AGMO	1338
AGO1	2574
AGO2	2580
AGPAT2	837
AGPS	1977
AGRN	6323
AGRP	399
AGT	1458
AGTR1	2305
AGTR2	1092
AGXT	1179
AGXT2	1545
AHCY	1434
AHI1	3644
AHR	2547
AHRR	2160
AHSG	1104
AHSP	309
AICDA	597
AIF1	877
AIFM1	2039
AIMP1	1120
AIP	1302
AIPL1	1966
AIRE	1638
AK1	585
AK2	992
AKAP10	1989
AKAP13	8653
AKAP2	5188
AKAP9	11877
AKR1B1	951
AKR1C2	1023
AKR1C3	1221
AKR1C4	972
AKR1D1	999
AKR7A2	1080
AKR7A3	996
AKT1	1443
AKT2	1547
AKT3	1484
ALAD	993
ALAS2	2017
ALB	1830
ALCAM	2102
ALDH16A1	2409
ALDH18A1	2541
ALDH1A1	1506
ALDH1A2	1686
ALDH2	1554
ALDH3A2	1542
ALDH4A1	1761
ALDH5A1	1647
ALDH6A1	1999
ALDH7A1	2001
ALDOA	1369
ALDOB	1095
ALG1	1395
ALG10B	1434
ALG11	1479
ALG12	1467
ALG13	3826
ALG2	1251
ALG3	1369
ALG6	1524
ALG8	1636
ALG9	2039
ALK	4863
ALMS1	12504
ALOX12	1992
ALOX12B	2106
ALOX15	1989
ALOX5	2108
ALOX5AP	727
ALOXE3	2679
ALPL	1657
ALS2	5990
ALS2CL	2931
ALX1	981
ALX3	1032
ALX4	1236
AMACR	1614
AMELX	618
AMELY	579
AMER1	3408
AMH	1683
AMHR2	1871
AMN	1362
AMPD1	2343
AMPD3	2680
AMT	1340
ANAPC1	5835
ANG	444
ANGPT1	1935
ANGPTL3	1383
ANGPTL4	1221
ANGPTL5	1167
ANK1	6253
ANK2	11931
ANK3	13672
ANKH	1479
ANKK1	2298
ANKRD1	960
ANKRD11	7992
ANKRD26	5301
ANKS1A	3405
ANKS1B	4471
ANO10	2070
ANO5	2790
ANO6	3076
ANO7	3014
ANTXR1	1764
ANTXR2	1655
ANXA11	1590
ANXA5	963
AOAH	2194
AOC1	2446
AP1S1	477
AP1S2	483
AP3B1	3342
AP3B2	3306
AP4E1	3535
AP4M1	1362
AP4S1	705
AP5Z1	2424
APAF1	3966
APBA2	2250
APBB1	2573
APBB3	1854
APC	8697
APCDD1	1545
APEX1	957
APH1A	968
APH1B	774
APLNR	1143
APOA1	804
APOA2	303
APOA4	1191
APOA5	1101
APOB	13692
APOBEC3B	1369
APOBEC3G	1155
APOBEC3H	933
APOC1	252
APOC2	306
APOC3	300
APOC4	384
APOD	570
APOE	1075
APOH	1038
APOL1	1289
APOL3	1828
APOM	620
APP	2475
APRT	548
APTX	1480
AQP1	1215
AQP2	816
AQP3	879
AQP4	1353
AQP5	798
AQP7	1029
AR	2783
AREL1	2472
ARF4	543
ARFGEF2	5358
ARG1	1168
ARHGAP24	2478
ARHGAP31	4335
ARHGAP6	3503
ARHGAP9	2405
ARHGEF10	4301
ARHGEF11	4689
ARHGEF12	4674
ARHGEF6	2530
ARHGEF7	2889
ARHGEF9	1656
ARID1A	7099
ARID1B	6750
ARL11	591
ARL13B	1358
ARL14EP	783
ARL6	561
ARL6IP5	567
ARMS2	324
ARPC3	629
ARSA	1737
ARSB	1631
ARSE	1918
ARSF	1773
ART4	945
ARVCF	2889
ARX	1689
AS3MT	1127
ASAH1	1335
ASAH2	2343
ASB10	1675
ASCC1	1320
ASCC3	6821
ASCL1	711
ASIC3	1903
ASIP	399
ASL	1395
ASMT	2244
ASMTL	3834
ASNS	1872
ASPA	942
ASPM	10434
ASPN	1163
ASPRV1	1032
ASS1	1239
ASTN2	4952
ASXL1	4632
ATCAY	1116
ATF1	816
ATF3	828
ATF5	849
ATF6	2013
ATG16L1	1928
ATG7	2112
ATIC	1779
ATL1	2220
ATM	9171
ATN1	3573
ATOH7	459
ATP10A	4500
ATP10D	4281
ATP13A2	4032
ATP13A4	3591
ATP1A2	3063
ATP1A3	3207
ATP1B1	912
ATP2A1	3099
ATP2A2	3264
ATP2A3	3337
ATP2B2	3732
ATP2B4	3822
ATP2C1	3291
ATP5E	156
ATP5SL	935
ATP6AP2	1053
ATP6V0A1	2618
ATP6V0A2	2571
ATP6V0A4	2523
ATP6V1B1	1542
ATP7A	4503
ATP7B	5299
ATP8A2	3668
ATP8B1	3756
ATPAF2	870
ATR	7935
ATRNL1	4450
ATRX	7479
ATXN1	2448
ATXN10	1428
ATXN2	4050
ATXN3	1235
ATXN3L	1068
ATXN7	2920
AUH	1020
AURKA	1212
AURKC	932
AUTS2	3921
AVP	495
AVPR1A	1257
AVPR1B	1275
AVPR2	2021
AXIN1	2589
AXIN2	2532
AXL	2875
B2M	360
B3GALNT1	996
B3GALT6	990
B3GAT3	1159
B3GNT3	1119
B4GALT1	1197
B4GALT7	984
B9D1	1152
B9D2	528
BAALC	443
BAAT	1257
BACE1	1704
BAG3	1728
BAG6	3924
BANF1	270
BANK1	2737
BAP1	2190
BARD1	2334
BAX	1382
BBS1	1782
BBS10	2172
BBS12	2133
BBS2	2166
BBS4	1631
BBS5	1026
BBS7	2277
BBS9	2664
BCAM	2036
BCAP31	1034
BCAT1	1206
BCAT2	1359
BCHE	1809
BCKDHA	1477
BCKDHB	1179
BCL10	702
BCL11A	4588
BCL2	1338
BCL2A1	600
BCL2L11	1243
BCL2L2	582
BCL9	4281
BCOR	5511
BCORL1	5358
BCR	3816
BCS1L	1260
BDKRB2	1176
BDNF	1827
BEAN1	1549
BEST1	2720
BEX4	363
BFSP1	2065
BFSP2	1248
BHLHA9	708
BHLHE41	1449
BHMT	1221
BICC1	2925
BICD1	3184
BIN1	1827
BIRC5	691
BLK	1518
BLM	4349
BLMH	1368
BLNK	1528
BLOC1S3	609
BLOC1S6	653
BLVRA	891
BMI1	981
BMP1	3047
BMP10	1275
BMP15	1179
BMP2	1191
BMP2K	3682
BMP4	1227
BMP5	1365
BMP7	1296
BMPER	2058
BMPR1A	1599
BMPR1B	1742
BMPR2	3117
BNC2	3300
BOLA3	461
BPGM	780
BPI	1464
BPIFA1	771
BPY2	321
BRAF	2301
BRAP	1779
BRAT1	2466
BRCA1	5989
BRCA2	10257
BRCC3	1009
BRD1	3675
BRIP1	3750
BRSK2	2728
BRWD1	8285
BRWD3	5409
BSCL2	1646
BSG	1218
BSND	963
BST1	957
BTAF1	5550
BTBD9	2643
BTC	537
BTD	2212
BTK	2044
BTLA	870
BTN1A1	1581
BTN2A1	1865
BTRC	1818
BUB1B	3153
C10orf11	728
C10orf2	2334
C12orf10	1131
C12orf57	608
C12orf65	501
C19orf12	1017
C1GALT1	1092
C1QA	738
C1QB	762
C1QC	738
C1QTNF5	732
C1S	2067
C2	2884
C2orf71	3867
C3	4992
C3AR1	1449
C4B	5235
C4BPA	1794
C5	5031
C5AR2	1014
C5orf42	9594
C6	2805
C6orf15	978
C7	2532
C8A	1755
C8B	1932
C8orf37	624
C9	1680
C9orf72	1515
CA1	801
CA12	1065
CA2	831
CA4	939
CA6	1049
CA8	873
CABIN1	6663
CABP4	910
CACNA1A	7909
CACNA1C	7603
CACNA1D	6650
CACNA1E	6942
CACNA1F	6172
CACNA1G	8483
CACNA1H	7062
CACNA1S	5622
CACNA2D1	3327
CACNA2D3	3276
CACNA2D4	3414
CACNB2	2269
CACNB4	1617
CACNG2	972
CADM1	1416
CALCA	586
CALCR	1578
CALHM1	1041
CALM1	450
CALM3	450
CALR	1254
CALR3	1155
CAMK4	1422
CAMKK1	1740
CAMKK2	1921
CAMP	522
CAMTA1	5103
CANT1	1206
CAPN10	2019
CAPN13	2010
CAPN3	2521
CARD14	3750
CARD8	1786
CARD9	1656
CARTPT	351
CASC5	7029
CASK	2847
CASP1	1266
CASP10	1881
CASP12	1026
CASP2	1658
CASP3	834
CASP5	1518
CASP8	2131
CASP9	1420
CASQ2	1200
CASR	3391
CAST	2499
CAT	1584
CATSPER1	2343
CATSPER2	1968
CATSPER3	1197
CATSPER4	1419
CAV1	639
CAV3	456
CBFB	714
CBL	2721
CBLB	2949
CBR1	959
CBR3	834
CBS	1656
CBX2	2053
CBX4	1683
CC2D1A	2856
CC2D2A	5074
CCBE1	1221
CCDC103	954
CCDC14	2872
CCDC170	2148
CCDC22	1884
CCDC28B	804
CCDC39	2826
CCDC40	3690
CCDC50	1449
CCDC8	1617
CCDC88C	6087
CCHCR1	2738
CCK	348
CCKAR	1287
CCKBR	1344
CCL11	294
CCL13	297
CCL17	285
CCL2	300
CCL22	282
CCL26	285
CCL3L1	282
CCL5	553
CCL7	300
CCM2	1428
CCNA2	1299
CCND1	888
CCPG1	4127
CCR1	1068
CCR2	2208
CCR3	2242
CCR5	1059
CCR6	1125
CCR7	2127
CCRL2	2106
CCT5	1720
CD109	4443
CD14	1128
CD151	762
CD177	1314
CD19	1767
CD1A	984
CD1E	1662
CD207	987
CD209	1691
CD22	2794
CD226	1273
CD244	1389
CD247	528
CD27	783
CD2AP	1920
CD320	849
CD36	1472
CD3D	516
CD3E	624
CD3EAP	1561
CD3G	549
CD4	1931
CD40	964
CD40LG	786
CD44	2420
CD46	1329
CD5	1488
CD55	1831
CD58	794
CD59	387
CD72	1080
CD79A	867
CD79B	744
CD81	777
CD86	1190
CD8A	708
CD96	1758
CDA	441
CDAN1	3684
CDC42BPB	5136
CDC6	1683
CDC73	1596
CDH1	2649
CDH12	2385
CDH13	2482
CDH15	2445
CDH23	11488
CDH3	2490
CDH5	2355
CDH8	2400
CDHR1	2778
CDK11A	2767
CDK4	912
CDK5R1	924
CDK5RAP2	5789
CDK5RAP3	2148
CDK7	1041
CDKL3	2251
CDKL5	3093
CDKN1A	1042
CDKN1B	597
CDKN1C	1738
CDKN2A	1268
CDKN2B	654
CDKN2C	507
CDON	4139
CDSN	1590
CDT1	1641
CDY2A	1626
CEACAM16	1278
CEBPA	4014
CEBPE	846
CEL	2271
CELSR1	9045
CENPJ	4017
CEP135	3423
CEP152	5133
CEP290	7440
CEP41	1190
CEP57	1521
CEP63	2211
CEP68	2274
CEP85L	2734
CER1	804
CERKL	1677
CERS6	1179
CES1	1993
CES2	1962
CETP	1482
CFB	2295
CFC1	219
CFC1;CFC1B	250
CFC1B	672
CFC1B;CFC1	422
CFD	762
CFH	3710
CFHR1	993
CFHR2	813
CFHR3	993
CFHR4	1932
CFHR5	1710
CFI	1752
CFL2	764
CFLAR	1975
CFP	1410
CFTR	4443
CGA	444
CGB	498
CHAT	2320
CHD1L	2801
CHD2	5616
CHD3	6280
CHD6	8148
CHD7	8994
CHD8	7752
CHDH	1785
CHEK2	1781
CHFR	2385
CHGA	1374
CHGB	2034
CHI3L1	1152
CHI3L2	1208
CHIA	1709
CHIT1	1684
CHKB	1188
CHL1	3675
CHM	1981
CHMP2B	645
CHMP4B	675
CHN1	1632
CHRDL1	1685
CHRFAM7A	1294
CHRM1	1383
CHRM2	1401
CHRM3	1773
CHRNA1	1449
CHRNA2	1766
CHRNA3	1599
CHRNA4	3114
CHRNA5	1477
CHRNA7	1651
CHRNA9	1440
CHRNB1	1506
CHRNB2	1509
CHRNB4	1834
CHRND	1686
CHRNE	1482
CHRNG	1554
CHST14	1131
CHST3	1440
CHST6	1188
CHST8	1275
CHSY1	2409
CHUK	2238
CIB2	908
CIC	4827
CIDEA	660
CIDEC	839
CIITA	3679
CILP	3555
CIRH1A	2061
CISD2	408
CISH	848
CITED2	1641
CKM	1146
CLCA1	2745
CLCA2	2832
CLCF1	831
CLCN1	2967
CLCN2	2757
CLCN5	2748
CLCN7	2418
CLCNKA	2145
CLCNKB	2419
CLDN1	636
CLDN14	720
CLDN16	918
CLDN19	1107
CLEC11A	972
CLEC2D	700
CLEC4M	3246
CLEC7A	854
CLIC2	744
CLK2	1739
CLMP	1122
CLN3	1379
CLN5	1224
CLN6	936
CLN8	861
CLNK	1287
CLOCK	2541
CLPS	381
CLPTM1	2043
CLRN1	1226
CLSTN2	2868
CLTCL1	4923
CLU	1350
CLUL1	1663
CLYBL	1023
CMPK1	687
CNBP	1044
CNDP1	1524
CNGA1	2399
CNGA3	2085
CNGB1	3813
CNGB3	2430
CNKSR1	2313
CNKSR2	3110
CNNM2	2666
CNNM4	2328
CNOT3	2262
CNOT4	2368
CNPY3	837
CNR1	2739
CNR2	1083
CNTF	603
CNTN1	3137
CNTN4	3292
CNTNAP2	3996
CNTNAP4	3936
CNTNAP5	3921
COA5	225
COCH	1653
COG1	2943
COG4	2370
COG5	2667
COG6	1996
COG7	2313
COG8	1839
COL10A1	2043
COL11A1	5574
COL11A2	5478
COL12A1	9192
COL17A1	4494
COL18A1	6008
COL1A1	4395
COL1A2	4101
COL25A1	2280
COL2A1	4464
COL3A1	4401
COL4A1	5034
COL4A2	5139
COL4A3	5013
COL4A4	5073
COL4A5	5383
COL4A6	5138
COL5A1	5586
COL5A2	4500
COL6A1	3087
COL6A2	3382
COL6A3	10187
COL6A5	7852
COL7A1	8835
COL8A2	4029
COL9A1	2838
COL9A2	2070
COL9A3	2055
COLEC11	1161
COLQ	1444
COMMD1	573
COMP	2274
COMT	955
COQ2	1266
COQ4	899
COQ5	984
COQ6	1495
COQ9	957
CORIN	3488
CORO1A	1386
COX10	1332
COX14	174
COX15	1299
COX4I1	510
COX4I2	516
COX6B1	261
COX7A1	240
COX7A2	348
CP	3198
CPA4	1266
CPA6	1314
CPB2	1272
CPE	1431
CPLX2	405
CPN1	1377
CPOX	1365
CPS1	4653
CPT1A	2358
CPT1B	2319
CPT2	1977
CPZ	2044
CR1	7470
CR2	3279
CRADD	600
CRB1	4814
CRBN	1433
CREB1	1026
CREB3L3	1865
CREBBP	7329
CRELD1	1484
CRH	591
CRHR1	1389
CRISP2	732
CRK	1289
CRKL	912
CRLF1	1269
CRP	675
CRTAP	1206
CRX	900
CRYAA	522
CRYBA1	648
CRYBA4	591
CRYBB1	759
CRYBB2	618
CRYBB3	636
CRYGB	528
CRYGC	525
CRYGD	525
CRYGS	537
CRYM	945
CSAG1	237
CSDE1	2535
CSF1	2342
CSF1R	2919
CSF2	435
CSF2RA	3462
CSF2RB	2694
CSF3R	3375
CSGALNACT1	1599
CSH1	654
CSMD1	10695
CSMD3	11182
CSNK1A1L	1014
CSNK1D	1281
CSNK1E	1251
CSNK2A2	1053
CSNK2A3	1176
CSRP3	585
CST3	441
CSTA	297
CSTB	297
CSTF2T	1851
CTC1	3654
CTDP1	2947
CTF1	722
CTGF	1050
CTH	1218
CTHRC1	840
CTLA4	740
CTNNA3	2907
CTNNB1	2346
CTNND1	3057
CTNS	1337
CTRC	807
CTSA	1497
CTSB	1020
CTSC	1511
CTSD	1239
CTSG	768
CTSK	990
CTSZ	912
CTTNBP2	4992
CUBN	10872
CUL3	2391
CUL4B	3298
CUL5	2343
CUL7	5929
CX3CR1	2232
CXCL10	297
CXCL11	345
CXCL12	875
CXCL16	822
CXCL5	345
CXCR1	1053
CXCR3	2355
CXCR4	2130
CYB5A	414
CYB5R3	1110
CYBA	588
CYBB	1713
CYBRD1	1006
CYCS	318
CYLD	2970
CYP11A1	1717
CYP11B1	1512
CYP11B2	1512
CYP17A1	1527
CYP19A1	1512
CYP1A1	1539
CYP1A2	1551
CYP1B1	1632
CYP21A2	1488
CYP24A1	1545
CYP26A1	1701
CYP26B1	1539
CYP27A1	1596
CYP27B1	1527
CYP2A13	1485
CYP2A6	1485
CYP2B6	1476
CYP2C18	1473
CYP2C19	1473
CYP2C8	1619
CYP2C9	1473
CYP2D6	1494
CYP2E1	1482
CYP2F1	1476
CYP2J2	1509
CYP2R1	1506
CYP2W1	1473
CYP3A4	1637
CYP3A43	1810
CYP3A5	1748
CYP3A7	1512
CYP46A1	1503
CYP4A11	1560
CYP4A22	1827
CYP4B1	1691
CYP4F12	1575
CYP4F2	1563
CYP4F22	1596
CYP4F3	1708
CYP4V2	1578
CYP7A1	1515
CYP7B1	1521
CYSLTR1	1014
CYSLTR2	1041
D2HGDH	1654
DAG1	2688
DAO	1044
DAOA	908
DAPK1	4293
DARS2	1938
DAZ1	2235
DAZ2	1749
DAZL	951
DBH	1854
DBI	748
DBT	1449
DCAF13	1794
DCAF17	1563
DCC	4344
DCDC2	1431
DCK	783
DCLK1	2431
DCN	1097
DCP1B	1854
DCTD	678
DCTN1	4095
DCX	1926
DCXR	827
DDAH1	952
DDAH2	858
DDB2	1284
DDC	1516
DDOST	1371
DDR1	3216
DDR2	2568
DDX11	3088
DDX20	2475
DDX25	1452
DDX39B	1287
DDX3Y	2019
DDX5	1845
DDX53	1896
DDX58	2778
DEAF1	1740
DEC1	213
DECR1	1008
DEFB1	207
DEFB126	336
DES	1413
DFNA5	1575
DFNB31	2920
DFNB59	1059
DGAT1	1467
DGCR14	1431
DGCR2	1864
DGCR6	663
DGCR8	2322
DGKD	3780
DGUOK	834
DHCR24	1551
DHCR7	1428
DHDDS	1242
DHFR	671
DHH	1191
DHODH	1188
DHRS4L1	453
DHX16	3153
DHX36	3041
DHX37	3474
DIABLO	840
DIAPH1	3911
DIAPH2	3356
DIAPH3	4039
DICER1	5819
DIO1	900
DIO2	1041
DIP2A	5308
DIP2B	4731
DIP2C	4671
DIRC2	1437
DIS3L2	3194
DISC1	4850
DISP1	4575
DKC1	1742
DKK2	780
DKK3	1053
DLAT	1944
DLD	1570
DLG3	2801
DLG5	5760
DLGAP2	2928
DLL1	2172
DLL3	1948
DLX3	864
DLX5	870
DLX6	882
DMBT1	7242
DMC1	1023
DMD	11783
DMGDH	2601
DMP1	1542
DMPK	2982
DMRT1	1122
DMXL1	9192
DNAAF1	2178
DNAAF2	2514
DNAAF3	2236
DNAH11	13551
DNAH5	13875
DNAH9	13509
DNAI1	2225
DNAI2	1929
DNAJA4	1464
DNAJB2	1190
DNAJB6	1087
DNAJC19	405
DNAJC5	597
DNAJC6	3069
DNAL1	608
DNASE1	849
DNASE1L3	918
DNASE2	1083
DND1	1062
DNM1	2755
DNM1L	2295
DNM2	2819
DNMT1	4899
DNMT3A	3135
DNMT3B	2740
DNMT3L	1330
DOC2A	1203
DOCK3	6093
DOCK4	5901
DOCK6	6144
DOCK8	6428
DOCK9	6514
DOK7	3352
DOLK	1617
DPAGT1	1227
DPM1	783
DPM3	648
DPP10	2575
DPY19L2	2277
DPYD	3117
DPYS	1560
DPYSL2	2093
DRD1	1341
DRD2	1332
DRD3	1387
DRD4	1260
DRD5	1434
DROSHA	4125
DRP2	2921
DSC2	2742
DSC3	2718
DSCAM	6338
DSG1	3150
DSG2	3357
DSG4	3462
DSP	9114
DSPP	3906
DST	21921
DTNA	2739
DTNBP1	1413
DUOX2	4647
DUOXA2	963
DUSP23	453
DYM	2010
DYNC1H1	13941
DYNC2H1	12945
DYRK1A	2638
DYSF	6490
DYX1C1	1446
EARS2	1825
EBAG9	642
EBP	693
ECE1	2689
ECI1	980
ECM1	1887
ECM2	2674
ECSIT	1486
EDA	1480
EDA2R	1334
EDAR	1347
EDARADD	679
EDN1	805
EDN2	537
EDN3	977
EDNRA	1356
EDNRB	2199
EEF1B2	678
EEF2K	2178
EFCAB5	4693
EFEMP1	1482
EFEMP2	1332
EFHC1	1929
EFHC2	2250
EFNB1	1041
EFR3A	2466
EFTUD2	2955
EGF	3624
EGFR	3963
EGLN1	1281
EGR2	1450
EGR3	2206
EHD2	1632
EHMT1	3942
EHMT2	3913
EIF2AK3	3531
EIF2B1	918
EIF2B2	1056
EIF2B3	1549
EIF2B4	1914
EIF2B5	2166
EIF3H	1059
EIF4E	825
EIF4G1	5187
ELAC2	2564
ELANE	804
ELAVL2	1080
ELF4	1992
ELK1	1365
ELN	2820
ELOVL4	945
ELP2	2676
ELP4	2029
EMC4	647
EMD	765
EME1	1870
EMG1	733
EMX2	863
EN2	1002
ENAM	3429
ENG	2257
ENO1	1336
ENO3	1305
ENPP1	2778
ENSA	891
ENTPD1	2008
EOMES	2951
EP300	7245
EPAS1	2613
EPB41	2847
EPB41L1	2967
EPB42	2176
EPC2	2424
EPCAM	945
EPHA2	2931
EPHA3	3141
EPHA5	3380
EPHA7	3844
EPHB2	3345
EPHB6	3136
EPHX1	1368
EPHX2	1843
EPM2A	1232
EPO	582
EPOR	1527
EPX	2148
ERAP1	3003
ERAP2	2883
ERBB2	4105
ERBB3	4347
ERBB4	3927
ERCC1	1092
ERCC2	2369
ERCC3	2391
ERCC4	2751
ERCC5	3561
ERCC6	4482
ERCC8	1451
ERLIN2	1055
ERMAP	1428
ESAM	1173
ESCO2	1806
ESPN	2565
ESR1	2099
ESR2	1734
ESRRB	1527
ESRRG	2177
ETFA	1002
ETFB	1257
ETFDH	2076
ETHE1	765
ETNPPL	1642
ETS1	1540
EVC	3106
EVC2	3970
EVI5	2466
EXO1	2548
EXO5	1122
EXOC4	2930
EXOSC3	849
EXT1	2241
EXT2	2954
EXTL3	2760
EYA1	2137
EYA4	2205
EYS	9778
EZH2	2522
F10	1719
F11	1878
F12	1848
F13A1	2199
F13B	1986
F2	1900
F2R	2193
F2RL1	1194
F3	1014
F5	6675
F7	1401
F8	7080
F9	1386
FA2H	1119
FAAH	1740
FAAH2	1599
FABP1	384
FABP2	399
FABP3	402
FABP4	399
FABP6	601
FABP7	399
FADD	627
FADS2	1590
FAH	1260
FAM120A	4058
FAM126A	1566
FAM134B	1529
FAM161A	2151
FAM205A	4008
FAM20A	1801
FAM20C	1755
FAM58A	775
FAM83H	3540
FAM8A1	1242
FAM91A1	2517
FANCA	4540
FANCB	2580
FANCC	1827
FANCD2	4587
FANCE	1611
FANCF	1125
FANCG	1869
FANCI	3987
FANCL	1212
FANCM	6369
FARS2	1356
FAS	1020
FASLG	882
FASN	7536
FASTKD2	2133
FBLIM1	1536
FBLN1	2580
FBLN5	1347
FBN1	8616
FBN2	8739
FBN3	8430
FBP1	1017
FBXL6	1666
FBXO10	2871
FBXO18	3867
FBXO7	1824
FBXW11	1692
FBXW4	1239
FBXW7	3063
FCER1A	774
FCER2	985
FCGR1A	1125
FCGR2A	1209
FCGR2B	1188
FCGR3A	1168
FCGR3B	1115
FCGRT	1098
FCN2	942
FCN3	900
FCRL3	2205
FDFT1	1960
FECH	1417
FEM1A	2010
FEN1	1143
FERMT1	2034
FERMT3	2129
FEV	717
FEZF2	1380
FFAR1	903
FFAR4	1134
FGA	4026
FGB	1675
FGD1	2886
FGD3	2316
FGD4	3189
FGF1	685
FGF10	627
FGF14	952
FGF2	867
FGF20	636
FGF23	756
FGF3	720
FGF8	908
FGF9	627
FGFBP1	705
FGFR1	3007
FGFR2	2907
FGFR3	2572
FGFR4	2765
FGFRL1	1515
FGG	1547
FH	1533
FHL1	1392
FHL2	840
FIG4	2724
FIGLA	660
FIP1L1	1812
FKBP10	1749
FKBP14	636
FKBP5	1516
FKBP6	1026
FKBPL	1050
FKRP	1488
FKTN	1507
FLCN	1990
FLG	12186
FLNA	7944
FLNB	7941
FLNC	8178
FLT1	4582
FLT3	2982
FLT4	4096
FLVCR1	1668
FLVCR2	1635
FMN1	5756
FMN2	5181
FMO1	1743
FMO2	1775
FMO3	1599
FMO4	1677
FMO5	1769
FMR1	2155
FN1	8155
FN3K	930
FOLH1	2421
FOLR1	774
FOXA1	1419
FOXA2	1461
FOXA3	1053
FOXC1	1662
FOXC2	1506
FOXD3	1437
FOXD4	1320
FOXE1	1122
FOXE3	960
FOXF1	1140
FOXF2	1335
FOXG1	1470
FOXH1	1098
FOXI1	1415
FOXL2	1131
FOXN1	1947
FOXP1	2752
FOXP2	2566
FOXP3	1296
FOXRED1	1461
FPGS	1881
FPR1	1053
FPR2	1056
FRA10AC1	948
FRAS1	12305
FREM1	7005
FREM2	9510
FREM3	6420
FRG1	777
FRK	1518
FRMD6	2235
FRMD7	2179
FRMPD4	3969
FRY	9042
FRZB	978
FSCB	2478
FSCN2	1719
FSHB	390
FSHR	2088
FTCD	1626
FTH1	552
FTHL17	552
FTL	528
FTO	1518
FTSJ1	1091
FUCA1	1401
FURIN	2385
FUS	1899
FUT1	1098
FUT2	1032
FUT3	1086
FUT6	1080
FUT7	1029
FUT8	1836
FUZ	1356
FXN	874
FXYD2	220
FXYD6	288
FYCO1	4437
FZD1	1944
FZD3	2001
FZD4	1614
FZD6	2202
FZD9	1776
G6PC	1149
G6PC2	1093
G6PC3	1041
G6PD	1758
GAA	2859
GAB2	2293
GABBR1	3192
GABRA1	1371
GABRA5	1389
GABRA6	1362
GABRB3	1735
GABRD	1359
GABRG1	1398
GABRG2	1548
GABRG3	1592
GABRR2	1398
GAD1	1822
GAD2	1758
GADD45B	483
GAK	4015
GAL3ST3	1296
GALC	2175
GALE	1047
GALK1	1179
GALNS	1569
GALNT12	1746
GALNT18	1824
GALNT2	1728
GALNT3	1902
GALNT9	714
GALNTL5	1332
GALP	414
GALT	1190
GAMT	1062
GAN	1794
GAP43	855
GARS	2220
GAS1	1038
GAS2L2	2643
GAS6	2037
GATA1	1242
GATA2	1527
GATA3	1478
GATA4	1664
GATA6	1788
GATAD1	810
GATM	1272
GBA	1657
GBA3	1471
GBE1	2109
GBGT1	2253
GC	1540
GCDH	1361
GCGR	1434
GCH1	845
GCK	1488
GCKR	1878
GCLC	1914
GCM2	1521
GCNT2	3053
GCSH	522
GDAP1	1183
GDF1	1119
GDF15	927
GDF3	1095
GDF5	1506
GDF6	1368
GDF9	1498
GDI1	1344
GDNF	1490
GEMIN2	852
GEMIN4	3177
GFAP	1614
GFER	618
GFI1	1269
GFI1B	993
GFM1	2488
GFPT1	2100
GFPT2	2049
GFRA1	1398
GGCX	2462
GGH	957
GGT5	2169
GH1	729
GH2	1656
GHR	2021
GHRH	343
GHRHR	1272
GHRL	540
GHSR	1971
GIF	1254
GIGYF2	4352
GIMAP8	1998
GIP	462
GIPC3	939
GIT1	2313
GJA1	1149
GJA3	1308
GJA4	1002
GJA5	1077
GJA8	1302
GJB1	852
GJB2	681
GJB3	813
GJB4	801
GJB6	786
GJC2	1320
GJC3	840
GJD2	966
GK	1680
GLA	1290
GLB1	2189
GLCCI1	1644
GLDC	3063
GLE1	2196
GLI1	3492
GLI2	4761
GLI3	4743
GLIS2	1575
GLIS3	2924
GLMN	1785
GLO1	555
GLP1R	1392
GLRA1	1668
GLRB	1502
GLRX5	474
GLS	2157
GLTSCR1	4683
GLUD1	1677
GLUD2	1677
GLYCTK	1748
GM2A	900
GMIP	2994
GNA14	1068
GNAI2	1280
GNAQ	1080
GNAS	5972
GNAT1	1053
GNAT2	1065
GNB1L	984
GNB3	1087
GNB5	1188
GNE	3014
GNMT	888
GNPAT	2043
GNPTAB	3771
GNPTG	918
GNRH1	432
GNRHR	1215
GNS	1659
GOLGA3	4779
GOLGA5	2196
GON4L	9181
GORAB	1330
GOSR2	1056
GOT1	1242
GP1BA	1959
GP1BB	621
GP2	1614
GP6	2159
GP9	534
GPAM	2487
GPANK1	1071
GPATCH8	4536
GPBAR1	993
GPC3	1926
GPC4	1671
GPC6	1668
GPD1	1122
GPD1L	1056
GPD2	2184
GPHN	2310
GPI	1916
GPIHBP1	638
GPR1	1068
GPR12	1005
GPR139	1062
GPR143	1215
GPR179	7104
GPR33	1002
GPR55	960
GPR68	1098
GPS1	1930
GPSM2	2055
GPT	1491
GPX1	909
GPX4	972
GRB10	1973
GREM1	1014
GRHL2	1878
GRHPR	987
GRIA3	2966
GRID1	3030
GRIK1	2913
GRIK2	2892
GRIK3	2760
GRIK4	3129
GRIN1	2949
GRIN2A	5646
GRIN2B	4455
GRIN3A	3348
GRIP1	3231
GRK4	1737
GRK5	1773
GRM1	3713
GRM3	2640
GRM5	3639
GRM6	2634
GRM7	2819
GRM8	3024
GRN	1782
GRPR	1155
GRXCR1	873
GSC	774
GSDMA	1338
GSDMB	1251
GSE1	3768
GSK3B	1302
GSN	2725
GSPT1	2161
GSPT2	1887
GSR	1569
GSS	1425
GSTA1	669
GSTA2	669
GSTA3	669
GSTK1	986
GSTM1	657
GSTM3	678
GSTM4	678
GSTO1	785
GSTO2	791
GSTP1	632
GSTT1	1231
GSTT2	867
GSTZ1	702
GTF2E1	1320
GTF2H1	1647
GTF2H5	216
GTF2IRD1	3189
GTF2IRD2	3078
GUCA1A	606
GUCA1B	603
GUCY2C	3222
GUCY2D	3312
GUSB	2112
GYG1	1285
GYLTL1B	2358
GYPA	453
GYPB	334
GYPC	430
GYPE	237
GYS1	2214
GYS2	2112
GZMB	744
H2BFWT	528
H6PD	3036
HABP2	1711
HACE1	2730
HADH	996
HADHA	2292
HADHB	1468
HAL	2078
HAND1	648
HAND2	654
HARS	1599
HARS2	1614
HAS1	2427
HAVCR1	1349
HAX1	959
HBA1	429
HBA2	429
HBB	444
HBD	444
HBE1	444
HBEGF	627
HBG1	444
HBG2	444
HBM	426
HBS1L	3524
HBZ	429
HCCS	807
HCK	1803
HCLS1	1461
HCN1	2673
HCN2	2670
HCN4	3612
HCRT	396
HCRTR1	1278
HCRTR2	1335
HDAC4	3255
HDAC8	1354
HDAC9	4215
HDC	1989
HDLBP	3991
HDX	3150
HELQ	4359
HEPACAM	1251
HERC2	14505
HES6	922
HES7	1145
HESX1	558
HEXA	1590
HEXB	1767
HEY1	1072
HFE	1484
HFE2	2202
HGD	1338
HGF	2474
HGSNAT	1908
HHEX	813
HHIP	2103
HIBCH	1167
HIF1A	2785
HIF1AN	1050
HIGD2A	321
HIP1	3114
HIST1H2AE	393
HIST3H3	411
HK1	2916
HK2	2754
HLA-A	1098
HLA-B	1089
HLA-C	1101
HLA-DMB	792
HLA-DOA	753
HLA-DPB1	777
HLA-DQA1	768
HLA-DQB1	810
HLA-DRA	765
HLA-DRB1	1044
HLA-DRB5	801
HLA-E	1077
HLA-G	1017
HLCS	2181
HLX	1467
HMBS	1122
HMCN1	16908
HMGA1	426
HMGA2	672
HMGCL	978
HMGCR	2667
HMGCS2	1527
HMOX1	867
HMOX2	1316
HMSD	420
HMX1	1226
HMX2	822
HNF1A	2062
HNF1B	1974
HNF4A	2093
HNMT	1089
HNRNPH3	1181
HNRNPU	3112
HOGA1	984
HOMER2	1172
HOXA1	1422
HOXA10	1233
HOXA11	942
HOXA13	1167
HOXA2	1131
HOXA4	963
HOXB13	855
HOXB6	675
HOXD10	1023
HOXD13	1032
HOXD4	768
HP	1221
HPD	1263
HPGD	909
HPRT1	657
HPS1	2226
HPS3	3015
HPS4	2244
HPS5	3525
HPS6	2328
HPSE2	1813
HR	3570
HRAS	633
HRC	2100
HRG	1578
HRH2	2274
HRH3	1338
HS1BP3	1179
HS6ST1	1236
HSD11B1	879
HSD11B2	1218
HSD17B1	987
HSD17B10	868
HSD17B2	1164
HSD17B3	933
HSD17B4	2398
HSD3B1	1122
HSD3B2	1119
HSD3B7	1170
HSF4	1742
HSFY1	1305
HSFY2	1305
HSP90AA1	2565
HSP90B1	2412
HSPA1A	1926
HSPA1B	1926
HSPA1L	1926
HSPA5	1965
HSPA8	2100
HSPA9	2040
HSPB1	618
HSPB3	453
HSPB6	483
HSPB7	513
HSPB8	591
HSPD1	1722
HSPG2	13326
HTN3	156
HTR1A	1269
HTR1B	1173
HTR2A	1576
HTR2B	1446
HTR2C	1775
HTR3A	2006
HTR3B	1326
HTR3C	1344
HTR3E	1838
HTR5A	1074
HTR7	2243
HTRA1	1443
HTRA2	1377
HTT	9429
HUS1B	837
HUWE1	13125
HVCN1	1068
HYAL1	1785
HYDIN	16139
HYLS1	900
IAPP	270
IBSP	954
ICAM1	1599
ICAM4	1561
ICAM5	2775
ICK	1899
ICOS	600
ID3	360
IDE	3134
IDH1	1245
IDH2	1554
IDH3B	1299
IDO1	1212
IDS	1827
IDUA	1962
IER3IP1	249
IFI30	753
IFI44L	1359
IFIH1	3078
IFITM3	402
IFITM5	399
IFNA10	570
IFNA17	570
IFNA2	567
IFNAR1	1674
IFNAR2	1715
IFNG	501
IFNGR1	1470
IFNGR2	1014
IFNL3	591
IFRD1	1405
IFT122	4090
IFT140	4389
IFT43	849
IFT80	2362
IGBP1	1020
IGF1	738
IGF1R	4204
IGF2	868
IGF2R	7476
IGFALS	3734
IGFBP1	780
IGFBP3	1297
IGFBP5	819
IGFBP7	987
IGHMBP2	2982
IGLL1	691
IHH	1236
IKBIP	1924
IKBKAP	3999
IKBKG	1651
IL10	537
IL10RA	1737
IL10RB	978
IL11RA	1269
IL12A	762
IL12B	987
IL12RB1	2306
IL12RB2	2676
IL13	441
IL16	5168
IL17A	468
IL17F	492
IL17RA	2601
IL17RB	1509
IL17REL	1011
IL18	582
IL18RAP	1800
IL19	792
IL1A	816
IL1B	810
IL1R1	1785
IL1RAPL1	2091
IL1RL1	1930
IL1RN	673
IL2	462
IL20RA	1919
IL20RB	936
IL21	591
IL21R	1732
IL23R	1890
IL2RA	819
IL2RG	1110
IL3	459
IL31RA	2952
IL36RN	468
IL4	462
IL4R	2693
IL5	405
IL6	639
IL6R	1549
IL7	534
IL7R	1380
IL9	435
IL9R	4350
ILDR1	1641
ILK	1405
IMMP2L	528
IMMT	2475
IMPA2	867
IMPAD1	1080
IMPDH1	2036
IMPDH2	1545
IMPG2	3726
INF2	3817
INHA	1101
INMT	997
INPP4A	3254
INPP5E	1935
INS	333
INSIG1	1187
INSIG2	678
INSL3	680
INSL6	642
INSR	4149
INVS	3406
IQCB1	1797
IQGAP1	4974
IQGAP2	4913
IQGAP3	4896
IQSEC2	4703
IRAK1	2440
IRAK3	1791
IRAK4	1501
IRF1	978
IRF2	1050
IRF4	1498
IRF5	1803
IRF6	1498
IRF7	1734
IRF8	1281
IRGM	546
IRS1	3729
IRS2	4017
IRS4	3774
IRX4	1638
IRX5	2246
ISCU	643
ISL1	1050
ISPD	1356
ISYNA1	1708
ITCH	2719
ITGA11	3567
ITGA2	3546
ITGA2B	3120
ITGA3	3312
ITGA4	3099
ITGA6	3384
ITGA7	3669
ITGA9	3108
ITGAE	3540
ITGAM	3672
ITGB2	2431
ITGB3	2367
ITGB4	5628
ITIH1	2949
ITIH3	2673
ITIH4	2793
ITIH6	3942
ITK	1863
ITM2B	801
ITPA	600
ITPKC	2052
ITPR1	8431
ITPR3	8016
ITSN2	5267
IVD	1281
IYD	1122
JAG1	3657
JAG2	3717
JAK2	3399
JAK3	3375
JAM3	933
JMJD1C	7630
JPH2	2102
JPH3	2497
JRK	1990
JUN	996
JUP	2238
KALRN	9109
KANK1	6283
KANSL1	3440
KARS	1940
KAT6B	6661
KATNAL2	1401
KBTBD13	1377
KCNA1	1488
KCNA3	1728
KCNA5	1842
KCNAB2	1367
KCNC3	2274
KCND2	1893
KCND3	1968
KCNE1	390
KCNE2	372
KCNE3	312
KCNE4	666
KCNH2	4110
KCNIP4	1109
KCNJ1	2325
KCNJ10	1140
KCNJ11	2085
KCNJ13	1588
KCNJ15	1128
KCNJ2	1284
KCNJ3	2499
KCNJ5	1260
KCNJ6	1272
KCNJ8	1275
KCNJ9	1182
KCNK18	1155
KCNK6	942
KCNK9	1125
KCNMA1	4588
KCNMB1	576
KCNMB3	1221
KCNN3	2259
KCNQ1	2036
KCNQ2	3069
KCNQ3	2645
KCNQ4	2088
KCNS1	1581
KCNS3	1476
KCNV2	1638
KCTD13	990
KCTD7	1243
KDM4C	3909
KDM5A	5073
KDM5C	5118
KDM5D	4713
KDM6A	4484
KDM6B	5049
KDR	4071
KEL	2199
KERA	1059
KHDC3L	654
KHK	1032
KIAA0100	6708
KIAA0196	3480
KIAA0226	3003
KIAA0232	4188
KIAA0319	4004
KIAA0513	1319
KIAA1033	3652
KIAA1279	1866
KIAA1462	4080
KIAA2022	4551
KIF11	3171
KIF17	3236
KIF18A	2697
KIF1A	5376
KIF1B	6798
KIF21A	5025
KIF22	2060
KIF5A	3099
KIF5B	2892
KIF6	2742
KIF7	4032
KIFAP3	2508
KIR2DL1	1047
KIR2DL3	1026
KIR2DL4	1145
KIR3DL1	1335
KIR3DL2	1368
KIRREL3	2552
KISS1	417
KISS1R	1197
KIT	3113
KITLG	822
KL	3039
KLB	3135
KLF1	1089
KLF10	1446
KLF11	1800
KLF5	2236
KLF6	1338
KLF7	1397
KLHDC8B	1065
KLHL10	1827
KLHL3	1919
KLHL7	1899
KLHL9	1854
KLK1	789
KLK12	926
KLK15	927
KLK3	1031
KLK4	955
KLK7	967
KLKB1	1917
KLRK1	651
KMT2C	14736
KMT2D	16614
KMT2E	5577
KNG1	2094
KPNA1	1617
KRAS	687
KRIT1	2211
KRT1	1935
KRT10	1755
KRT12	1485
KRT13	1396
KRT14	1419
KRT16	1422
KRT17	1299
KRT18	1293
KRT2	1920
KRT3	1887
KRT31	1251
KRT37	1350
KRT38	1371
KRT4	1563
KRT5	1773
KRT6A	1695
KRT6B	1695
KRT6C	1695
KRT74	1590
KRT75	1656
KRT8	1860
KRT81	1518
KRT83	1482
KRT85	1578
KRT86	1461
KRT9	1872
KRTAP1-1	534
KYNU	1420
L1CAM	3774
L2HGDH	1392
L3MBTL1	2755
LAMA1	9228
LAMA2	9369
LAMA3	10458
LAMA4	5910
LAMA5	11088
LAMB1	5361
LAMB2	5397
LAMB3	3519
LAMC1	4830
LAMC2	3690
LAMC3	4728
LAMP2	1516
LAMTOR2	378
LARGE	2271
LARS2	2712
LBP	1446
LBR	1848
LCA5	2094
LCAT	1323
LCE3B	288
LCE3C	285
LCE5A	357
LCN10	603
LCT	5784
LDB3	2508
LDHA	1461
LDHB	1005
LDLR	2613
LDLRAD4	1138
LDLRAP1	927
LEFTY2	1246
LEMD3	2771
LEP	504
LEPR	3768
LETM1	2220
LFNG	1417
LGALS13	420
LGALS2	399
LGALS3	925
LGI1	1712
LHB	426
LHCGR	2100
LHFPL5	660
LHX1	1221
LHX3	1288
LHX4	1173
LHX8	1146
LIAS	1336
LIF	857
LIFR	3294
LIG1	2865
LIG3	3084
LIG4	2736
LILRA3	1431
LIM2	823
LIMK1	1994
LIN28A	630
LIN28B	753
LIPA	1280
LIPC	1500
LIPE	3231
LIPG	1503
LIPH	1356
LIPI	1701
LIPN	1197
LITAF	568
LLGL1	3195
LMAN1	1533
LMBR1	1473
LMBRD1	1623
LMF1	1704
LMNA	2452
LMNB1	1773
LMNB2	1863
LMTK3	4470
LMX1B	1453
LNX2	2073
LOR	939
LOX	1304
LOXHD1	7735
LOXL1	1725
LOXL2	2325
LPA	6123
LPAR1	1095
LPAR6	1035
LPIN1	3227
LPIN2	2691
LPIN3	2559
LPL	1427
LPP	2082
LRAT	693
LRCH1	2403
LRFN5	2160
LRP1	13635
LRP2	13968
LRP4	5718
LRP5	4906
LRP6	4842
LRP8	2892
LRPAP1	1074
LRPPRC	4185
LRRC4	1962
LRRC6	1401
LRRC8A	2433
LRRK2	7584
LRSAM1	2172
LRTOMT	1831
LTA	618
LTBP1	5458
LTBP2	5466
LTBP3	4222
LTBP4	5295
LTC4S	453
LTF	2208
LTK	2675
LTN1	5439
LUM	1017
LY96	483
LYN	1608
LYST	11406
LYZ	447
LZTFL1	1099
LZTS1	1791
MACROD2	1369
MAD1L1	2527
MAD2L1	618
MADD	5246
MAF	2334
MAFB	972
MAGEE2	1572
MAGEL2	3750
MAGI2	4368
MAGT1	1104
MAK	1947
MAMLD1	3480
MAN1A2	1926
MAN1B1	2100
MAN2B1	3116
MANBA	2640
MAOA	1596
MAOB	1563
MAP2	5748
MAP2K1	1182
MAP2K2	1203
MAP2K3	1073
MAP2K4	1233
MAP3K1	4539
MAP3K15	3942
MAP4K5	2541
MAP6	2643
MAP7D3	2647
MAPK10	1663
MAPK8IP1	2136
MAPT	2331
MARS2	1782
MARVELD2	1677
MASP1	3037
MASP2	2075
MAST4	8138
MASTL	2779
MAT1A	1188
MATN3	1461
MATR3	2594
MAVS	1665
MAX	701
MBD1	2832
MBD3	890
MBD4	2954
MBD5	4485
MBL2	747
MBTPS2	1560
MC1R	954
MC2R	894
MC3R	972
MC4R	999
MCCC1	2222
MCCC2	1692
MCEE	531
MCF2L2	3345
MCFD2	686
MCHR1	1269
MCL1	1410
MCM3AP	5943
MCM4	2592
MCM5	2205
MCM6	2466
MCOLN1	1743
MCPH1	3671
MDH1	1170
MDM2	1590
MDM4	2017
MDN1	16791
MECP2	1523
MED12	6534
MED13	6525
MED13L	6633
MED17	1956
MED23	4284
MED25	2244
MEF2A	1656
MEF2C	1846
MEFV	2558
MEGF10	3434
MEGF11	3135
MEIS1	1173
MEIS2	1912
MEN1	2293
MEP1B	2118
MERTK	3000
MESDC2	705
MESP2	1194
MEST	1275
MET	4327
MFF	1283
MFGE8	1264
MFI2	2414
MFN2	2274
MFRP	1740
MFSD2A	1875
MFSD8	1557
MGAT1	1338
MGAT2	1344
MGAT4C	1437
MGEA5	2751
MGLL	1067
MGMT	717
MGP	387
MGST2	545
MGST3	459
MIA3	5835
MICA	1492
MICB	1540
MID1	3077
MIF	348
MIIP	1167
MINPP1	1602
MIP	792
MIPOL1	1329
MITF	2101
MKKS	1713
MKL1	2976
MKRN3	1524
MKS1	1730
MLC1	1134
MLH1	2350
MLH3	4362
MLLT3	1710
MLPH	1803
MLXIPL	2744
MLYCD	1482
MMAA	1257
MMAB	753
MMACHC	849
MMADHC	891
MME	2253
MMEL1	2340
MMP1	1562
MMP10	1431
MMP12	1412
MMP13	1416
MMP14	1749
MMP2	2138
MMP20	1452
MMP3	1434
MMP7	804
MMP8	1437
MMP9	2124
MNX1	1261
MOCOS	2667
MOCS1	1408
MOCS2	834
MOG	821
MOGS	2548
MOK	1260
MPDU1	744
MPDZ	6213
MPG	1185
MPHOSPH8	2583
MPL	1908
MPLKIP	540
MPO	2238
MPP3	1758
MPP4	1914
MPP6	1623
MPP7	1731
MPST	1549
MPV17	531
MPZ	747
MR1	1282
MRAP	651
MRE11A	2127
MRPL3	1047
MRPL48	639
MRPS16	414
MRPS22	1083
MRRF	844
MS4A1	894
MS4A12	804
MS4A2	735
MS4A3	789
MS4A6A	1305
MS4A6E	444
MSH2	2818
MSH3	3414
MSH4	2811
MSH5	2792
MSH6	6586
MSMB	470
MSMO1	893
MSR1	1400
MSRB3	655
MST1	2178
MST1R	4203
MSTN	1128
MSX1	912
MSX2	804
MT1A	186
MT2A	186
MTAP	852
MTCH2	912
MTFMT	1170
MTHFD1	2808
MTHFD1L	3154
MTHFR	1971
MTHFS	820
MTM1	1812
MTMR14	1953
MTMR2	1978
MTMR9	1650
MTNR1A	1053
MTNR1B	1089
MTO1	2274
MTPAP	1749
MTR	3906
MTRR	2307
MTTP	2827
MTUS1	4143
MUC1	2626
MUC13	1536
MUC2	8442
MUC3A	4461
MUC4	16239
MUC5B	17289
MUC6	7320
MUC7	1134
MURC	1095
MUSK	2818
MUT	2253
MUTYH	2276
MVK	1191
MX1	2243
MYB	2589
MYBL2	2103
MYBPC1	3736
MYBPC3	3825
MYC	1365
MYCL	2311
MYCN	1734
MYD88	1156
MYF6	729
MYH11	5971
MYH13	5817
MYH14	6111
MYH15	5841
MYH2	5826
MYH3	5823
MYH6	5820
MYH7	5808
MYH8	5814
MYH9	5883
MYL2	501
MYL3	588
MYLIP	1338
MYLK	5962
MYLK2	1791
MYO15A	10593
MYO18B	7704
MYO1A	3132
MYO1C	3336
MYO1E	3327
MYO1F	3297
MYO3A	4851
MYO5A	5568
MYO5B	5547
MYO6	3858
MYO7A	7091
MYO7B	6351
MYO9B	6613
MYOC	1515
MYOCD	2961
MYOM1	5058
MYOT	1589
MYOZ2	795
MYPN	3983
MYT1	3366
MYT1L	4533
NAA10	749
NAGA	1236
NAGLU	2232
NAGPA	1548
NAGS	1605
NAIP	4394
NAMPT	1476
NARS2	1442
NAT1	1932
NAT2	873
NAT8L	909
NAV2	7887
NBAS	7116
NBEA	8923
NBEAL2	8265
NBN	2339
NBPF1	3425
NCALD	582
NCAM1	2840
NCAN	3966
NCAPD2	4206
NCF1	1173
NCF2	1581
NCF4	1440
NCKAP1	3405
NCOA1	4539
NCOA3	5039
NCR3	721
NCS1	583
NCSTN	2155
NDE1	1008
NDN	966
NDOR1	2124
NDP	402
NDRG1	1275
NDST1	2649
NDUFA1	213
NDUFA10	1068
NDUFA11	800
NDUFA12	461
NDUFA13	435
NDUFA2	323
NDUFA4	246
NDUFA6	465
NDUFA7	342
NDUFA8	519
NDUFA9	1134
NDUFAF1	984
NDUFAF2	510
NDUFAF3	654
NDUFAF4	528
NDUFAF5	1106
NDUFAF6	1002
NDUFAF7	1386
NDUFB1	318
NDUFB3	297
NDUFB6	387
NDUFB9	991
NDUFC2	536
NDUFS1	2382
NDUFS2	1470
NDUFS3	795
NDUFS4	528
NDUFS5	321
NDUFS6	375
NDUFS7	642
NDUFS8	633
NDUFV1	1440
NDUFV2	750
NDUFV3	1422
NEB	25851
NEBL	3441
NEDD4L	2999
NEDD9	2583
NEFH	3063
NEFL	1632
NEFM	2828
NEGR1	1065
NEIL1	1865
NEIL2	1450
NEK1	3861
NEK8	2079
NELFA	1620
NELL1	2517
NEU1	1248
NEU2	1143
NEUROD1	1071
NEUROG3	645
NEXN	2028
NF1	8661
NF2	1824
NFATC4	4959
NFE2L2	2313
NFIA	1772
NFIX	1635
NFKB1	2948
NFKBIA	954
NFKBIL1	1588
NFU1	920
NGF	726
NGFR	1284
NHEJ1	900
NHLRC1	1188
NHP2	505
NHS	4990
NID1	3744
NINJ1	459
NIPA1	990
NIPAL4	1401
NIPBL	8649
NIPSNAP1	893
NIPSNAP3A	744
NKAIN2	849
NKX2-1	1579
NKX2-3	1095
NKX2-5	1102
NKX2-6	906
NKX3-1	766
NKX3-2	1002
NLGN1	2472
NLGN2	2508
NLGN3	2547
NLGN4X	2451
NLGN4Y	2718
NLRP1	4574
NLRP12	3360
NLRP14	3282
NLRP2	3400
NLRP3	3388
NLRP7	3228
NLRX1	2928
NMB	501
NME1	660
NME8	1767
NMNAT1	884
NMT2	1568
NMU	525
NOBOX	2076
NOD1	2862
NOD2	3582
NODAL	1044
NOG	699
NOP10	195
NOP56	1785
NOS1	4526
NOS1AP	1800
NOS2	3462
NOS3	3882
NOTCH1	7668
NOTCH2	7602
NOTCH3	6966
NOTCH4	6012
NPAP1	3471
NPAS2	2475
NPAS3	2930
NPAT	4284
NPC1	3837
NPC1L1	4089
NPC2	456
NPFFR2	1899
NPHP1	2330
NPHP3	3993
NPHP4	4505
NPHS1	3726
NPHS2	1152
NPL	1213
NPM1	894
NPPA	456
NPPB	405
NPPC	381
NPR1	3186
NPR2	3144
NPR3	1832
NPSR1	1444
NPTN	1207
NPY	294
NPY1R	1155
NPY2R	1146
NQO1	825
NQO2	696
NR0B1	1413
NR0B2	774
NR1H2	1383
NR1H3	1502
NR1H4	1681
NR1I2	1783
NR1I3	1408
NR2E1	1294
NR2E3	1343
NR2F1	1272
NR3C1	7148
NR3C2	2955
NR4A2	1797
NR5A1	1386
NRAS	570
NRG1	4198
NRG3	2347
NRIP1	3477
NRL	714
NRP2	3475
NRTN	594
NRXN1	4927
NRXN2	5428
NRXN3	4537
NSD1	8211
NSDHL	1122
NSMF	1599
NSUN2	2304
NSUN7	2157
NT5C1B	2337
NT5C3A	1047
NT5E	1725
NTF3	1587
NTF4	633
NTHL1	939
NTNG1	1746
NTRK1	2513
NTRK2	2851
NTRK3	2774
NUAK1	1986
NUBPL	1021
NUDC	996
NUDT1	692
NUDT6	997
NUMBL	1956
NUP155	4294
NUP62	1569
NXF3	1596
NXF5	1098
NXNL1	639
NYX	1446
OAS1	1621
OAS2	2671
OAT	1330
OAZ1	828
OBSCN	28050
OBSL1	6112
OCA2	2517
OCLN	1707
OCRL	2706
ODC1	1448
OFD1	3039
OGG1	1871
OLFM2	1626
OLR1	828
OMG	1323
OPA1	3048
OPA3	941
OPCML	1184
OPHN1	2409
OPN1LW	1095
OPN1MW	1095
OPN1SW	1047
OPN4	1470
OPRD1	1119
OPRK1	1486
OPRL1	1113
OPRM1	3293
OPTC	999
OPTN	1734
OR13G1	924
OR7D4	939
ORAI1	912
ORC1	2767
ORC4	1363
ORC6	759
ORMDL3	462
OSMR	3130
OSR1	801
OSTM1	1005
OTC	1065
OTOA	3458
OTOF	6565
OTOR	387
OTX2	1046
OVGP1	2037
OXCT1	1563
OXTR	1170
P2RX1	1200
P2RX4	1279
P2RX5	1405
P2RX7	1788
P2RY11	1125
P2RY12	1029
P2RY4	1098
PABPC4L	1287
PABPN1	921
PACRG	891
PAFAH1B1	1233
PAFAH1B3	696
PAH	1359
PAK3	1743
PAK7	2160
PALB2	3561
PALLD	4056
PANK2	1821
PAPD7	1990
PAPSS2	1860
PARD3B	3618
PARD6A	1793
PARK2	1398
PARK7	570
PARL	1140
PARP1	3045
PARP2	1908
PASK	4392
PAWR	1023
PAX1	1697
PAX2	1595
PAX3	2238
PAX4	1032
PAX5	1370
PAX6	1716
PAX7	2055
PAX8	1463
PAX9	1026
PC	3537
PCBD1	384
PCCA	2187
PCCB	1680
PCDH11X	4098
PCDH15	7993
PCDH18	3494
PCDH19	3617
PCDH9	3714
PCDHA10	6522
PCDHA13	4818
PCDHA13;PCDHA10	459
PCK1	1869
PCK2	2292
PCM1	6075
PCMT1	1041
PCNT	10011
PCOLCE	1350
PCSK1	2301
PCSK2	2037
PCSK9	2079
PDCD1	867
PDCD10	639
PDCD5	378
PDE10A	2407
PDE11A	3086
PDE4B	2787
PDE4D	3478
PDE6A	2583
PDE6B	2639
PDE6C	2577
PDE6G	264
PDE6H	252
PDE7B	1353
PDE8B	2658
PDGFB	744
PDGFC	1038
PDGFRA	3270
PDHA1	1435
PDHB	1312
PDHX	1621
PDLIM3	1283
PDLIM5	3275
PDP1	3303
PDPK1	1693
PDSS1	1248
PDSS2	1200
PDX1	852
PDXK	939
PDYN	765
PDZD7	3134
PEAR1	3114
PECR	912
PEMT	880
PENK	804
PEPD	1482
PER1	3873
PER2	3768
PER3	4430
PEX1	4467
PEX10	1217
PEX11B	794
PEX12	1080
PEX13	1212
PEX14	1134
PEX16	1100
PEX19	924
PEX2	918
PEX26	918
PEX3	1122
PEX5	2418
PEX6	2943
PEX7	972
PFAS	4017
PFKM	2641
PFN1	423
PGAM1	765
PGAM2	762
PGAM5	1050
PGBD1	2430
PGC	1468
PGD	1497
PGK1	1254
PGM1	2080
PGR	3954
PGRMC1	588
PHB	894
PHEX	2268
PHF11	1095
PHF2	3291
PHF3	8067
PHF6	1475
PHF8	3567
PHGDH	1602
PHIP	5466
PHKA1	3672
PHKA2	3708
PHKB	3428
PHKG2	1419
PHLDA2	459
PHLPP2	3972
PHOX2A	855
PHOX2B	945
PHYH	1131
PI3	354
PICALM	2232
PICK1	1248
PIEZO2	8259
PIF1	2583
PIGA	1468
PIGL	759
PIGM	1272
PIGN	2796
PIGO	3547
PIGR	2295
PIGV	1482
PIK3C2G	4556
PIK3C3	2664
PIK3CA	3207
PIK3CB	3330
PIK3CD	3135
PIK3CG	3309
PIK3R1	2326
PIK3R2	2187
PIK3R4	4077
PIK3R5	3101
PIKFYVE	6476
PIN1	492
PINK1	1746
PIP4K2A	1221
PIP5K1B	1630
PIP5K1C	2211
PITPNM3	2925
PITX1	945
PITX2	1159
PITX3	909
PIWIL3	2847
PKD1	12962
PKD1L1	8550
PKD2	2907
PKHD1	12260
PKLR	1732
PKM	2364
PKN3	2670
PKP1	2244
PKP2	2646
PLA2G10	498
PLA2G2A	435
PLA2G2D	442
PLA2G4A	2250
PLA2G4C	1931
PLA2G5	417
PLA2G6	2421
PLA2G7	1326
PLAGL1	2628
PLAT	1689
PLAU	1330
PLAUR	1100
PLCB1	3750
PLCB4	3690
PLCD1	2368
PLCE1	7300
PLCG2	3798
PLCZ1	1827
PLD2	2923
PLEC	14728
PLEKHG4	3928
PLEKHG5	4036
PLEKHM1	3171
PLG	2552
PLIN1	1569
PLIN4	4074
PLN	159
PLOD1	2184
PLOD2	2277
PLOD3	2217
PLP1	1013
PLP2	459
PLTP	1547
PLXND1	5778
PMAIP1	165
PML	4139
PMM2	741
PMP22	483
PMS1	2853
PMS2	2589
PNKD	1515
PNKP	1566
PNMT	849
PNP	870
PNPLA1	1989
PNPLA2	1515
PNPLA3	1446
PNPLA6	4357
PNPO	786
POF1B	1909
POGZ	4425
POLB	1008
POLD1	3519
POLE2	1773
POLG	3720
POLG2	1458
POLH	2260
POLL	1836
POLR1C	1041
POLR1D	762
POLR2E	633
POLR2M	1281
POLR3A	4173
POLR3B	3455
POLRMT	3693
POMC	804
POMGNT1	2604
POMP	426
POMT1	2481
POMT2	2253
PON1	1068
PON2	1156
PON3	1065
POP1	3075
POR	2043
PORCN	1502
POU1F1	1026
POU3F4	1086
POU4F3	1017
POU5F1	1409
POU5F1B	1080
POU6F2	2473
PPARA	1407
PPARD	1798
PPARG	1744
PPARGC1A	2397
PPARGC1B	3075
PPAT	1554
PPIA	507
PPIB	651
PPIG	2265
PPM1D	1818
PPOX	1434
PPP1R1A	516
PPP1R3A	3369
PPP1R3C	954
PPP2R1A	1770
PPP2R1B	2021
PPP2R2B	1988
PPP2R2C	1482
PPT1	921
PQBP1	1045
PRB1	1717
PRB3	930
PRB4	1181
PRCD	165
PRCP	1554
PRDM2	5359
PRDM5	1955
PRDM9	2685
PREPL	2259
PRF1	1668
PRG4	4215
PRICKLE1	2496
PRICKLE2	2535
PRKAA2	1659
PRKACA	1352
PRKAG2	1996
PRKAG3	1470
PRKAR1A	1187
PRKCB	2175
PRKCG	2094
PRKCH	2052
PRKCSH	1834
PRKD3	2673
PRKDC	12386
PRKRA	1304
PRL	684
PRLHR	1113
PRLR	2198
PRM1	156
PRM2	1105
PRMT3	1612
PRMT7	2079
PRND	531
PRNP	984
PROC	1386
PROCR	717
PRODH	1961
PROK1	318
PROK2	390
PROKR1	1182
PROKR2	1155
PROM1	2598
PROP1	681
PROS1	2031
PROZ	1269
PRPF3	2052
PRPF31	1500
PRPF6	2826
PRPF8	7008
PRPH	1413
PRPH2	1041
PRPS1	1049
PRRC2A	6474
PRRT2	2229
PRRX1	793
PRSS1	744
PRSS12	2628
PRSS56	1812
PRSS8	1032
PRX	4646
PRY2	444
PSAP	1911
PSAT1	1113
PSCA	345
PSEN1	1479
PSEN2	1446
PSENEN	306
PSMA6	776
PSMB8	966
PSMB9	660
PSMC3IP	900
PSMD7	975
PSMG4	630
PSPH	678
PSPN	471
PSTPIP1	1251
PTAFR	1029
PTCD1	2103
PTCH1	4676
PTCH2	3696
PTCHD1	2667
PTCHD3	2304
PTEN	1853
PTF1A	987
PTGDR	1125
PTGDR2	1188
PTGDS	573
PTGER2	1077
PTGER4	1467
PTGES2	1247
PTGIR	1161
PTGIS	1503
PTGS1	2020
PTGS2	1815
PTH	348
PTH1R	1782
PTHLH	961
PTK7	3427
PTPN1	1344
PTPN11	1941
PTPN13	7605
PTPN14	3564
PTPN2	1514
PTPN21	3525
PTPN22	2471
PTPN6	2004
PTPRB	6702
PTPRC	4085
PTPRCAP	621
PTPRD	5909
PTPRF	5724
PTPRJ	4019
PTPRK	4764
PTPRO	3655
PTPRQ	6384
PTPRT	4383
PTRF	1173
PTS	438
PUS1	1503
PVR	1466
PVRL1	1984
PVRL3	2237
PVRL4	1533
PXDN	4440
PYCR1	1262
PYCRL	861
PYGL	2544
PYGM	2550
PYY	294
PZP	4449
QDPR	735
QKI	1698
RAB11FIP5	1962
RAB18	970
RAB23	714
RAB27A	666
RAB28	798
RAB2A	639
RAB39B	642
RAB3GAP1	2967
RAB3GAP2	4182
RAB40AL	837
RAB7A	624
RABGGTA	1704
RABL6	2539
RAC1	636
RAC2	579
RAD21	1896
RAD21L1	1671
RAD23B	1245
RAD50	3939
RAD51	1210
RAD51C	1394
RAD51D	1166
RAD52	1701
RAD54B	3012
RAD54L	2244
RAD9A	1297
RAET1L	741
RAF1	1947
RAG1	3132
RAG2	1584
RAI1	5721
RALGAPA1	6565
RALGDS	3135
RANBP2	9675
RANGRF	955
RAPSN	1239
RARS2	1737
RASA1	3152
RASGRP2	1830
RASSF1	1298
RAX	1041
RAX2	555
RB1	2787
RB1CC1	4913
RBBP8	2799
RBFOX1	1656
RBM10	3163
RBM15	2981
RBM20	3684
RBM28	2280
RBM8A	525
RBMXL2	1179
RBP3	3744
RBP4	606
RCAN1	1203
RD3	588
RDH12	951
RDH5	957
RDX	2253
RECQL4	3627
REEP1	755
RELN	10480
REN	1221
REPS2	2107
RET	3525
RETN	327
REV3L	9488
RFC2	1117
RFT1	1626
RFWD2	2303
RFX2	2172
RFX5	1851
RFX6	2787
RFX8	1422
RFXANK	864
RFXAP	819
RGMA	1473
RGR	1010
RGS2	636
RGS6	1588
RGS7	1539
RGS9	2263
RGS9BP	708
RHAG	1230
RHBDF2	2693
RHCE	1300
RHD	1970
RHO	1047
RHOB	591
RHOG	576
RHPN2	2061
RIMS1	5510
RIMS3	927
RIN2	2892
RIPK3	1557
RIPK4	2355
RLBP1	954
RMI1	1878
RNASE3	483
RNASEH2A	900
RNASEH2B	972
RNASEH2C	495
RNASEL	2226
RNASET2	771
RNF113A	1032
RNF114	687
RNF135	1391
RNF139	1995
RNF168	1716
RNF170	1054
RNF213	15915
RNLS	1101
ROBO1	5191
ROBO2	4731
ROBO3	4161
ROCK1	4065
ROCK2	4167
ROGDI	864
ROM1	1056
ROPN1L	693
ROR2	2832
RORA	2032
ROS1	7044
RP1	6471
RP1L1	7203
RP2	1053
RP9	666
RPA1	1851
RPA4	786
RPE65	1602
RPGR	4154
RPGRIP1	3861
RPGRIP1L	3948
RPH3AL	948
RPIA	936
RPL10	1076
RPL11	685
RPL21	483
RPL35A	333
RPL36	318
RPL5	894
RPN2	1944
RPS10	498
RPS15	462
RPS17	408
RPS19	438
RPS24	906
RPS26	348
RPS27A	471
RPS3	1035
RPS4Y2	792
RPS6KA3	2223
RPS6KB1	1698
RPS6KL1	1650
RPS7	585
RPTOR	4008
RRH	1014
RRM1	2379
RRM2B	1320
RRP1B	2277
RS1	675
RSPH4A	2174
RSPH9	1212
RSPO1	805
RSPO4	705
RSRC1	1005
RTN2	1651
RTN4R	1422
RUNX1	1742
RUNX2	1947
RUNX3	1572
RUVBL1	1371
RXFP2	2265
RXRG	1465
RYK	1957
RYR1	15117
RYR2	14904
RYR3	14613
S100A14	315
S100B	279
S1PR1	1149
SAA1	369
SAA2	391
SACS	13756
SAG	1218
SAGE1	2715
SALL1	7222
SALL4	3162
SAMD9	4770
SAMHD1	1881
SAR1B	597
SARDH	2757
SARS2	1704
SART1	2403
SART3	2892
SAT1	516
SATB2	2202
SATL1	1899
SBDS	753
SBF2	5550
SBNO1	4492
SC5D	900
SCAP	3840
SCARB1	1650
SCARB2	1437
SCARF2	2728
SCG2	1854
SCG3	1579
SCGB1A1	276
SCGB1D2	273
SCGB3A2	282
SCN10A	6009
SCN1A	6675
SCN1B	1257
SCN2A	6110
SCN2B	648
SCN3A	6296
SCN3B	648
SCN4A	5511
SCN4B	820
SCN5A	6477
SCN8A	5943
SCN9A	5934
SCNN1A	3088
SCNN1B	1923
SCNN1G	1950
SCO1	906
SCO2	801
SCP2	1923
SCRIB	4968
SCT	366
SCUBE2	3087
SDC3	1329
SDCCAG8	2142
SDHA	1995
SDHAF1	348
SDHAF2	501
SDHB	843
SDHC	722
SDHD	687
SEC23A	2298
SEC23B	2487
SEC63	2283
SECISBP2	3145
SEL1L	2460
SELE	1833
SELL	1158
SELP	2493
SELPLG	2526
SEMA3A	2316
SEMA3E	2424
SEMA4A	2289
SEMA4C	2502
SEMA4G	2936
SEMA6D	3587
SEMG1	1389
SEP15	557
SEPN1	1773
SEPP1	1439
SEPSECS	1506
SEPT12	1077
SEPT9	2661
SERPINA1	1257
SERPINA10	1335
SERPINA3	1272
SERPINA6	1218
SERPINA7	1248
SERPINB11	1272
SERPINB3	1173
SERPINB5	1128
SERPINB6	1387
SERPINC1	1395
SERPIND1	1500
SERPINE1	1209
SERPINF1	1257
SERPINF2	1549
SERPING1	1503
SERPINH1	1257
SERPINI1	1233
SERPINI2	1495
SERTAD1	711
SESN2	1443
SETBP1	4980
SETD2	7695
SETD8	1059
SETDB2	2160
SETX	8034
SEZ6	3364
SEZ6L2	2862
SF3B4	1275
SFTPA1	1217
SFTPA2	747
SFTPB	1182
SFTPC	735
SFTPD	1128
SGCA	1164
SGCB	957
SGCD	1069
SGCE	1475
SGCG	876
SGK1	1935
SGK223	4209
SGSH	1509
SH2B1	2650
SH2B3	1854
SH2D1A	523
SH3BP2	2073
SH3GL1	1193
SH3PXD2B	2841
SH3TC2	3867
SHANK2	5531
SHANK3	5154
SHBG	1581
SHFM1	213
SHMT1	1557
SHOC2	1749
SHOX	1848
SHROOM3	5991
SHROOM4	4482
SI	5484
SIAE	1696
SIGLEC12	2242
SIGLEC14	1191
SIGMAR1	1148
SIL1	1386
SIM1	2301
SIPA1	3129
SIRT1	2334
SIRT3	1247
SIRT5	1127
SIX1	855
SIX2	876
SIX3	999
SIX5	2220
SIX6	741
SKI	2187
SKIV2L	3741
SLBP	813
SLC10A1	1050
SLC10A2	1047
SLC11A1	1653
SLC11A2	1961
SLC12A1	3396
SLC12A3	3288
SLC12A6	3909
SLC13A2	2063
SLC14A1	1589
SLC14A2	2763
SLC15A1	2127
SLC16A1	1503
SLC16A12	1551
SLC16A2	1620
SLC16A3	1398
SLC17A1	1404
SLC17A3	1497
SLC17A5	1488
SLC17A8	1770
SLC18A1	1667
SLC19A1	2022
SLC19A2	1494
SLC19A3	1491
SLC1A1	1575
SLC1A2	1855
SLC1A3	1827
SLC20A2	1959
SLC22A1	1701
SLC22A12	1882
SLC22A14	1785
SLC22A2	1668
SLC22A3	1671
SLC22A4	1656
SLC22A5	1746
SLC22A6	2079
SLC22A9	1662
SLC23A1	1877
SLC24A1	3377
SLC24A2	1986
SLC24A5	1503
SLC25A12	2037
SLC25A13	2116
SLC25A15	906
SLC25A19	963
SLC25A20	906
SLC25A22	972
SLC25A3	1211
SLC25A38	915
SLC25A39	1190
SLC25A4	897
SLC26A1	2205
SLC26A10	1692
SLC26A2	2220
SLC26A3	2295
SLC26A4	2343
SLC26A5	2289
SLC26A6	3262
SLC26A9	2712
SLC27A4	1932
SLC27A5	2073
SLC28A1	2017
SLC28A2	1977
SLC28A3	2076
SLC29A1	1819
SLC29A2	1532
SLC29A3	1594
SLC29A4	1755
SLC2A1	1479
SLC2A10	1626
SLC2A2	1682
SLC2A4	1530
SLC2A9	1686
SLC30A10	1458
SLC30A2	1119
SLC30A5	2382
SLC30A8	1234
SLC31A1	573
SLC33A1	1650
SLC34A1	2007
SLC34A2	2208
SLC34A3	1800
SLC35A1	1014
SLC35C1	1591
SLC35D1	1068
SLC35G2	1239
SLC36A2	1452
SLC37A4	1518
SLC39A13	1216
SLC39A4	2476
SLC3A1	2058
SLC40A1	1716
SLC41A1	1542
SLC44A2	2152
SLC45A2	1846
SLC46A1	1380
SLC47A1	1713
SLC47A2	1949
SLC4A1	2736
SLC4A10	3438
SLC4A11	2936
SLC4A3	3980
SLC4A4	3683
SLC52A1	1347
SLC52A3	1410
SLC5A1	2091
SLC5A11	2124
SLC5A2	2019
SLC5A5	1932
SLC5A7	1876
SLC6A1	1800
SLC6A11	1899
SLC6A12	1845
SLC6A13	2103
SLC6A14	1929
SLC6A18	1887
SLC6A19	1905
SLC6A2	2240
SLC6A20	1779
SLC6A3	1863
SLC6A4	1893
SLC6A5	2394
SLC6A8	2052
SLC7A1	1890
SLC7A10	1572
SLC7A2	2610
SLC7A5	1524
SLC7A7	1536
SLC7A9	1464
SLC8A1	3026
SLC9A3R1	1077
SLC9A6	2379
SLC9A9	1938
SLCO1A2	2013
SLCO1B1	2076
SLCO1B3	2109
SLCO1C1	2584
SLCO2A1	1932
SLCO2B1	2211
SLFN5	2676
SLIT3	4718
SLITRK1	2091
SLURP1	312
SLX4	5505
SMAD1	1398
SMAD2	1404
SMAD3	1459
SMAD4	1659
SMAD6	1491
SMAD7	1553
SMAD9	1404
SMARCA2	5043
SMARCA4	5409
SMARCAD1	3400
SMARCAL1	2865
SMARCB1	1270
SMARCE1	1236
SMC1A	3745
SMC1B	3708
SMC3	3654
SMG1	10986
SMG6	4495
SMN1	900
SMN2	900
SMNDC1	717
SMOC1	1322
SMOC2	1425
SMPD1	2666
SMPX	267
SMS	1101
SMUG1	1062
SMYD3	1338
SNAI2	807
SNAP29	777
SNAPC4	4410
SNAPC5	297
SNCA	423
SNCAIP	3073
SNCB	405
SNIP1	1191
SNRK	2298
SNRNP200	6411
SNRPN	723
SNTA1	1518
SNTG2	1620
SNURF	216
SNX10	767
SNX19	3033
SNX3	645
SOBP	2622
SOCS1	636
SOCS3	678
SOD1	465
SOD2	669
SOD3	723
SOGA3	2844
SOHLH1	1276
SORBS1	4515
SORCS1	4147
SORL1	6645
SORT1	2656
SOS1	4002
SOST	642
SOX10	1401
SOX17	1245
SOX18	1155
SOX2	954
SOX3	1341
SOX5	2537
SOX6	3168
SOX8	1341
SOX9	1530
SP100	3445
SP110	2367
SP7	1296
SP8	3000
SPAG16	2050
SPAG17	6672
SPANXN5	219
SPAST	1851
SPATA13	5993
SPATA16	1710
SPATA21	1410
SPATA31C1	3567
SPATA7	1800
SPECC1L	3379
SPG11	7332
SPG20	2001
SPG21	927
SPG7	2534
SPI1	913
SPINK1	240
SPINK5	3370
SPINT2	759
SPP1	1077
SPR	786
SPRED1	1335
SPRN	456
SPRR3	510
SPRY2	948
SPRY3	1734
SPTA1	7260
SPTAN1	7434
SPTB	7132
SPTBN2	7173
SPTBN5	11025
SPTLC1	1641
SPTLC2	1689
SQSTM1	1372
SRC	1611
SRCAP	9693
SRD5A2	764
SRD5A3	957
SREBF1	3534
SREBF2	3426
SREK1	2088
SRGAP2	3191
SRGAP3	3331
SRI	680
SRP72	2016
SRPX	1446
SRPX2	1398
SRR	1095
SRY	615
SSH1	4023
SST	351
SSTR2	1110
SSTR5	1095
SSX7	567
ST14	2568
ST3GAL3	1733
ST3GAL5	1270
ST5	3414
ST7	1854
ST8SIA2	1128
STAR	858
STAT1	2333
STAT3	2548
STAT5B	2364
STAT6	2553
STEAP3	2178
STEAP4	1380
STH	387
STIL	4345
STIM1	2525
STK10	2907
STK11	1302
STK19	1203
STK3	1586
STK32A	1347
STK33	1783
STK39	1638
STK4	1464
STMN1	597
STOX1	3238
STRA6	2547
STRADA	1834
STRC	5328
STS	1752
STX11	864
STX16	1152
STX1A	945
STXBP1	1895
STXBP2	1964
STXBP5	3456
SUCLA2	1392
SUCLG1	1041
SUFU	1461
SULF1	2616
SULT1A1	1026
SULT1A3	888
SULT1C2	1022
SULT1E1	885
SULT2A1	858
SULT2B1	1267
SULT4A1	855
SUMF1	1125
SUMO1	306
SUMO4	288
SUN2	2313
SUOX	1638
SUPT16H	3144
SURF1	1091
SUV420H1	2990
SV2B	2231
SYCP3	711
SYN1	2146
SYN3	1917
SYNE1	27063
SYNE2	21246
SYNGAP1	4032
SYNGR1	897
SYNM	7453
SYNPO	7560
SYP	942
SYT11	1296
SYT14	1985
SYT2	1260
SYTL3	1833
SYTL5	2259
T	1308
TAAR6	1038
TAAR9	1047
TAB2	2082
TAC3	366
TACO1	894
TACR3	1398
TACSTD2	972
TAF1	6110
TAF15	1855
TAF1C	3185
TAF1L	5481
TAF2	3600
TAF7L	1455
TAL1	1060
TALDO1	1014
TAP1	2537
TAP2	2271
TAPBP	1562
TARDBP	1245
TAS1R1	2526
TAS1R2	2520
TAS1R3	2559
TAS2R16	876
TAS2R3	951
TAS2R38	1002
TAS2R43	930
TAS2R46	930
TAS2R50	900
TAS2R9	939
TAT	1365
TAZ	1042
TBC1D1	4071
TBC1D23	2100
TBC1D24	1680
TBC1D4	3897
TBCE	1858
TBK1	2190
TBL1X	1792
TBL1XR1	1545
TBL1Y	1569
TBP	1457
TBX1	1786
TBX10	1158
TBX15	1491
TBX19	1347
TBX2	2139
TBX20	1425
TBX21	1608
TBX22	1661
TBX3	2232
TBX4	1638
TBX5	1649
TBX6	1311
TBXA2R	1470
TBXAS1	1879
TCAP	504
TCF21	540
TCF4	3296
TCF7	1408
TCF7L1	1767
TCF7L2	2436
TCIRG1	2558
TCN1	1302
TCN2	1373
TCOF1	4571
TCP1	1694
TCTE1	1506
TCTE3	597
TCTN1	2222
TCTN2	2287
TDGF1	607
TDO2	1221
TDP1	1827
TDRD7	3424
TEAD1	1281
TECR	927
TECTA	6468
TEK	3527
TEKT2	1293
TENM4	8310
TEP1	7884
TERT	3399
TET1	6411
TEX14	4625
TF	2097
TFAM	741
TFAP2A	1374
TFAP2B	1383
TFB1M	1041
TFCP2	1544
TFF1	255
TFPI	1043
TFR2	2507
TFRC	2528
TG	8307
TGFB1	1173
TGFB2	1329
TGFB3	1239
TGFBI	2052
TGFBR1	1755
TGFBR2	1779
TGFBR3	2891
TGFBRAP1	2583
TGIF1	1488
TGM1	2454
TGM2	2369
TGM5	2163
TGM6	2166
TH	1677
THADA	6224
THAP1	733
THBD	1728
THBS2	3519
THBS4	2905
THPO	3178
THRA	1970
THRB	1386
THSD7A	4974
TICAM1	2139
TIMM44	1359
TIMM8A	309
TIMP1	624
TIMP2	663
TIMP3	636
TINAG	1431
TINF2	1817
TIRAP	1307
TJP2	4158
TK2	926
TLK1	2457
TLL1	3063
TLR1	2361
TLR10	4830
TLR2	2355
TLR3	2715
TLR4	4580
TLR5	2577
TLR6	2391
TLR7	3150
TLR8	3183
TLR9	3099
TM4SF19	1080
TMC1	2283
TMC6	2418
TMC8	2181
TMCO1	953
TMEM114	371
TMEM126A	658
TMEM127	717
TMEM135	1377
TMEM138	489
TMEM165	975
TMEM173	1233
TMEM185A	1152
TMEM187	786
TMEM2	4152
TMEM216	500
TMEM237	1245
TMEM39A	1467
TMEM43	1203
TMEM67	3151
TMEM70	897
TMEM8A	2316
TMEM9	768
TMIE	471
TMLHE	1402
TMPO	2885
TMPRSS11A	1385
TMPRSS15	3060
TMPRSS3	1826
TMPRSS4	1531
TMPRSS5	1526
TMPRSS6	2436
TNC	6606
TNF	702
TNFAIP2	1965
TNFAIP3	2373
TNFRSF10A	1407
TNFRSF10B	1508
TNFRSF11A	1912
TNFRSF11B	1206
TNFRSF13B	882
TNFRSF13C	555
TNFRSF1A	1368
TNFRSF1B	1386
TNFRSF25	1455
TNFRSF4	834
TNFSF10	948
TNFSF11	954
TNFSF13B	858
TNFSF14	834
TNFSF15	880
TNFSF4	555
TNFSF8	890
TNKS	3984
TNNC1	486
TNNI2	606
TNNI3	632
TNNI3K	2508
TNNT1	928
TNNT2	1319
TNNT3	851
TNP1	168
TNR	4077
TNS3	4338
TNXB	12943
TOMM40	1086
TOP1MT	1872
TOPBP1	4569
TOPORS	3138
TOR1A	999
TOX3	2058
TP53	1766
TP53AIP1	820
TP53BP1	6321
TP53I3	1127
TP53RK	762
TP63	2216
TP73	2275
TPCN2	2259
TPH1	1335
TPH2	1473
TPI1	1054
TPK1	732
TPM1	1429
TPM2	1014
TPM3	1415
TPMT	738
TPO	2802
TPP1	1692
TPP2	3750
TPRN	2136
TPSB2	828
TPTE	1688
TRADD	939
TRAF3	1707
TRAF3IP1	2076
TRAF3IP2	2776
TRAF6	1569
TRAK2	2745
TRAPPC10	3780
TRAPPC2	618
TRAPPC9	4325
TRDN	2687
TREM2	871
TRERF1	3912
TREX1	2970
TRHR	1197
TRIB1	1274
TRIB3	1158
TRIL	2435
TRIM17	1687
TRIM21	1428
TRIM22	1716
TRIM32	1962
TRIM37	2978
TRIM5	1744
TRIO	9294
TRIOBP	7392
TRIP11	5940
TRIP12	6343
TRMT1	1980
TRMU	1623
TROAP	2479
TROVE2	1886
TRPA1	3360
TRPC3	3534
TRPC4	4005
TRPC5	2922
TRPC6	2796
TRPM1	5343
TRPM2	4512
TRPM3	5417
TRPM4	3645
TRPM6	6105
TRPM7	5666
TRPS1	3911
TRPV1	2520
TRPV3	2471
TRPV4	2900
TRPV5	2190
TRRAP	11776
TSC1	3614
TSC2	5586
TSEN2	1895
TSEN34	1379
TSEN54	1581
TSFM	1139
TSHB	699
TSHR	2498
TSHZ1	6333
TSLP	543
TSPAN12	918
TSPAN17	1092
TSPAN7	750
TSPO	510
TSPYL1	1314
TSSC4	1788
TSSK2	1077
TSSK3	807
TSSK4	1593
TST	894
TTBK2	3735
TTC19	1245
TTC21B	3951
TTC37	4695
TTC8	1737
TTI2	1527
TTLL11	3057
TTN	114431
TTPA	837
TTR	444
TUBA1A	1480
TUBA8	1378
TUBB1	1356
TUBB2B	1338
TUBB3	1414
TUBGCP4	2143
TUBGCP5	3223
TUBGCP6	5460
TUFM	1368
TULP1	1629
TULP3	1640
TUSC3	1063
TWIST1	609
TWIST2	483
TXN2	501
TXNRD2	1643
TYK2	3564
TYMP	1605
TYMS	942
TYR	1590
TYROBP	386
TYRP1	1614
UBA1	3177
UBA3	1392
UBAC2	1191
UBD	498
UBE2A	485
UBE2B	459
UBE2I	477
UBE2NL	462
UBE3A	2650
UBE3C	3252
UBIAD1	1017
UBN2	4044
UBQLN2	1875
UBR1	5250
UBR3	5667
UBR7	1278
UCHL1	672
UCP1	924
UCP2	930
UCP3	1124
UFD1L	958
UGT1A1	864
UGT1A10	855
UGT1A3	867
UGT1A3;UGT1A4;UGT1A6;UGT1A8;UGT1A9;UGT1A10;UGT1A5;UGT1A1;UGT1A7	298
UGT1A4	867
UGT1A4;UGT1A6;UGT1A8;UGT1A3;UGT1A9;UGT1A10;UGT1A1;UGT1A5;UGT1A7	88
UGT1A5	867
UGT1A5;UGT1A1;UGT1A7;UGT1A3;UGT1A8;UGT1A6;UGT1A4;UGT1A10;UGT1A9	220
UGT1A6	921
UGT1A7	855
UGT1A8	855
UGT1A9	855
UGT1A9;UGT1A10;UGT1A3;UGT1A6;UGT1A4;UGT1A8;UGT1A7;UGT1A5;UGT1A1	132
UGT2A1	2346
UGT2A3	1584
UGT2B10	2176
UGT2B15	1593
UGT2B17	1593
UGT2B28	1596
UGT2B7	1590
UHRF1BP1	4323
UIMC1	2160
UMOD	2022
UMPS	1443
UNC119	949
UNC13D	3273
UNC5C	2796
UNC5CL	1557
UNC80	9909
UNC93A	1374
UNC93B1	1793
UNG	1254
UNKL	2565
UPB1	1155
UPF3B	1452
UPK3A	864
UQCRB	663
UQCRQ	249
UROC1	2274
UROD	1104
UROS	798
USB1	910
USF1	1032
USH1C	2787
USH1G	2459
USH2A	15854
USP15	2971
USP24	7863
USP26	2742
USP46	1613
USP7	3426
USP9X	7926
USP9Y	7668
UTF1	1026
UTRN	10302
UTS2	523
UVSSA	2130
VAMP7	2002
VANGL1	1702
VANGL2	1566
VAPB	821
VAX1	1137
VCAM1	2310
VCAN	10191
VCL	3405
VCP	2421
VCX3A	561
VCY	378
VDR	1580
VEGFA	1590
VHL	642
VIM	1401
VIMP	650
VIP	642
VIPAS39	1482
VIPR2	1626
VKORC1	682
VLDLR	2622
VMA21	306
VNN1	1542
VPREB1	873
VPS13A	9645
VPS13B	12524
VPS33B	1870
VPS35	2391
VRK1	1191
VSIG4	1308
VSX1	1497
VSX2	1086
VTN	1437
VWF	8442
WAS	1509
WASF3	1676
WDFY3	10581
WDFY4	9555
WDPCP	2263
WDR11	3675
WDR13	1464
WDR19	4029
WDR35	3546
WDR36	2856
WDR4	1316
WDR45	1192
WDR45B	1035
WDR62	4672
WDR72	3415
WDR81	6492
WFS1	2673
WHSC1	4295
WIPF1	1512
WISP3	1167
WNK1	8848
WNK4	3732
WNT10A	1254
WNT10B	1170
WNT3	1068
WNT4	1056
WNT5A	1238
WNT5B	1080
WNT7A	1050
WRAP53	1647
WRN	4299
WT1	1648
WWC1	3716
WWOX	1369
XBP1	1464
XDH	4002
XIAP	1494
XK	1335
XKR4	1953
XKRY	354
XPA	822
XPC	2823
XPNPEP2	2025
XPNPEP3	1628
XRCC1	1902
XRCC2	843
XRCC3	1041
XRCC4	1123
XRCC5	2199
XRCC6	1891
XYLT1	2880
XYLT2	2598
YAP1	1747
YARS	1587
YARS2	1434
YBX2	1095
YTHDF2	3306
YWHAE	768
YY1	1245
ZAN	8578
ZAP70	2021
ZBTB16	2022
ZBTB18	3165
ZBTB24	3096
ZBTB40	3720
ZBTB41	2730
ZC3H14	2995
ZC3H3	2847
ZC3HAV1	2816
ZCCHC12	1209
ZCCHC13	501
ZCCHC8	2124
ZDHHC15	1215
ZDHHC8	2509
ZDHHC9	1095
ZEB1	3445
ZEB2	3645
ZFAT	3892
ZFHX3	11586
ZFHX4	10851
ZFP36	999
ZFP36L1	1281
ZFP57	1611
ZFP90	2046
ZFPM2	3456
ZFY	2962
ZFYVE26	7620
ZFYVE27	1656
ZHX3	2871
ZIC1	1344
ZIC2	1599
ZIC3	1404
ZMPSTE24	1428
ZMYND11	2069
ZNF202	1977
ZNF213	1380
ZNF224	2124
ZNF24	1121
ZNF335	4029
ZNF350	1599
ZNF365	2101
ZNF385B	1531
ZNF41	2340
ZNF469	11778
ZNF480	1705
ZNF507	2862
ZNF513	1651
ZNF526	2013
ZNF592	3804
ZNF627	2476
ZNF644	4006
ZNF674	3332
ZNF711	2286
ZNF750	2172
ZNF75D	1533
ZNF80	822
ZNF804A	3630
ZNF81	1986
ZNHIT6	1952
ZNRF1	684
ZPBP	1206
ZPBP2	1017
